	effect_size	metric	column
0	0.3074923380525565	cohens_d	ibd
1	0.19092151625104709	cohens_d	asd
2	0.1858526052385999	cohens_d	ibs
3	0.1766937587015797	cohens_d	sex
4	0.14617667986626465	cohens_d	kidney_disease
5	0.055166539119723405	cohens_d	liver_disease
6	0.052912704321832524	cohens_d	mental_illness
7	0.05077580541262671	cohens_d	lung_disease
8	0.05045475671593614	cohens_d	skin_condition
9	0.01383242748786307	cohens_d	cardiovascular_disease
